{
    "info": {
        "author": "icons_launcher",
        "version": 1
    },
    "images": [
        {
            "size": "16x16",
            "idiom": "mac",
            "filename": "app_icon_16.png",
            "scale": "1x"
        },
        {
            "size": "16x16",
            "idiom": "mac",
            "filename": "app_icon_32.png",
            "scale": "2x"
        },
        {
            "size": "32x32",
            "idiom": "mac",
            "filename": "app_icon_32.png",
            "scale": "1x"
        },
        {
            "size": "32x32",
            "idiom": "mac",
            "filename": "app_icon_64.png",
            "scale": "2x"
        },
        {
            "size": "128x128",
            "idiom": "mac",
            "filename": "app_icon_128.png",
            "scale": "1x"
        },
        {
            "size": "128x128",
            "idiom": "mac",
            "filename": "app_icon_256.png",
            "scale": "2x"
        },
        {
            "size": "256x256",
            "idiom": "mac",
            "filename": "app_icon_256.png",
            "scale": "1x"
        },
        {
            "size": "256x256",
            "idiom": "mac",
            "filename": "app_icon_512.png",
            "scale": "2x"
        },
        {
            "size": "512x512",
            "idiom": "mac",
            "filename": "app_icon_512.png",
            "scale": "1x"
        },
        {
            "size": "512x512",
            "idiom": "mac",
            "filename": "app_icon_1024.png",
            "scale": "2x"
        }
    ]
}